{
    "best_val_acc": 0.7920137991437193,
    "best_val_epoch": 6,
    "best_val_loss": 0.6237355880658817,
    "train_acc": [
        0.6790414989363163,
        0.7672721324620531,
        0.7986172968529326,
        0.8233239134841758,
        0.8433597000707761,
        0.8610691737443135,
        0.8761574488675805
    ],
    "train_loss": [
        0.7459572638546528,
        0.5719781808632797,
        0.5024981303042925,
        0.4462115678268451,
        0.39914332834583116,
        0.35690536887200575,
        0.3191629788590111
    ],
    "val_acc": [
        0.7620402154484505,
        0.7833773465302872,
        0.7892704521027843,
        0.7902865073855779,
        0.7917089853749918,
        0.7918105904248351,
        0.7920137991437193
    ],
    "val_loss": [
        0.590440863305489,
        0.5543919403580625,
        0.5403491569907412,
        0.5561735852780659,
        0.5427569355985978,
        0.5814744590186801,
        0.6237355880658817
    ]
}