{
    "best_val_acc": 0.7918105906428566,
    "best_val_epoch": 6,
    "best_val_loss": 0.6362710704020528,
    "train_acc": [
        0.679793273534621,
        0.7612816020226714,
        0.7913707759226332,
        0.8136800867913464,
        0.8323197214957649,
        0.8494849320979717,
        0.864897216213421,
        0.877327886607205,
        0.8886936952145742,
        0.8976075912336203
    ],
    "train_loss": [
        0.739493145793496,
        0.5853892982907248,
        0.520806203249814,
        0.4699024422565479,
        0.4264913768617626,
        0.38531710768594984,
        0.34855130797860817,
        0.31733122514198114,
        0.2889722198470654,
        0.2667037482845519
    ],
    "val_acc": [
        0.7549278426645152,
        0.7756553330307108,
        0.7827677120767069,
        0.7852062438106517,
        0.790489715498847,
        0.7897784797986865,
        0.7918105906428566,
        0.78774637628246,
        0.7832757376287314,
        0.7833773443137356
    ],
    "val_loss": [
        0.6222770264589116,
        0.5850524856256436,
        0.5816643845378516,
        0.5769775514982018,
        0.5902890287335145,
        0.6295318237542379,
        0.6362710704020528,
        0.7044678552197722,
        0.724120219350709,
        0.7617844567141914
    ]
}