{
    "best_val_acc": 0.793131457308254,
    "best_val_epoch": 4,
    "best_val_loss": 0.5471163472189842,
    "train_acc": [
        0.678246038547047,
        0.7663492517834153,
        0.7998004769871937,
        0.8254172318488405,
        0.8471604388755996,
        0.8657236216203963,
        0.881177771875395,
        0.8929677054953775,
        0.9037000575724745,
        0.9122189537930859
    ],
    "train_loss": [
        0.7477952641118626,
        0.5740858905504079,
        0.49923493348676173,
        0.4398246511995212,
        0.3888544300213468,
        0.3437644425668758,
        0.3057477302473364,
        0.2761359987047741,
        0.2493682327177886,
        0.22989791052791425
    ],
    "val_acc": [
        0.7535053677152894,
        0.7790083127447174,
        0.7915057724168014,
        0.7916073796831963,
        0.793131457308254,
        0.7923186157346135,
        0.7922170098611335,
        0.7893720631845548,
        0.7877463726608813,
        0.7865271051708602
    ],
    "val_loss": [
        0.6021610686411293,
        0.5515136303721926,
        0.5362325656997845,
        0.5296882527905542,
        0.5471163472189842,
        0.5649135335992201,
        0.615592180059538,
        0.6394360288568832,
        0.6951883211050593,
        0.6853390200378885
    ]
}