{
    "best_val_acc": 0.9983743066299352,
    "best_val_epoch": 17,
    "best_val_loss": 0.029550510517009635,
    "train_acc": [
        0.43578539836869395,
        0.5827067545990807,
        0.7124568011866815,
        0.8324527317274637,
        0.9087583675323475,
        0.9468603750792637,
        0.971652075614999,
        0.9808981599809677,
        0.9808981579824376,
        0.9860800339109261,
        0.9895346192561667,
        0.9896362267648077,
        0.9906522790195254,
        0.9907538854986205,
        0.9915667258610306,
        0.9888233793893739,
        0.991973150529844,
        0.9919731503481595,
        0.9901442508633557,
        0.9894330139883019
    ],
    "train_loss": [
        1.227048201377836,
        0.8698645124976118,
        0.6538973493053767,
        0.4316754313024945,
        0.2614262784866995,
        0.15966603171411167,
        0.09627317011226147,
        0.0658983718346463,
        0.06385444293774814,
        0.04866496836389984,
        0.039394450523837374,
        0.03914018443111293,
        0.035888460753956804,
        0.033489211141556695,
        0.028908297441170388,
        0.03963715190827177,
        0.03253968702905521,
        0.024787466525242302,
        0.034814716577457994,
        0.034572899625465364
    ],
    "val_acc": [
        0.5921560545031604,
        0.7421255688361098,
        0.8721804285262615,
        0.946352350556785,
        0.9774435790567179,
        0.992074756403324,
        0.9947165024520371,
        0.9975614608533255,
        0.996240586314931,
        0.9978662772625352,
        0.9980694902207256,
        0.9980694896151103,
        0.9972566444441159,
        0.9981710948829752,
        0.9979678831360151,
        0.9982727013620704,
        0.9982727013620704,
        0.9983743066299352,
        0.9977646719946703,
        0.9976630655155752
    ],
    "val_loss": [
        0.8900581573815007,
        0.6662123254754877,
        0.42644033428857636,
        0.23317689698865515,
        0.11520440053604308,
        0.05746379654473756,
        0.02935179580912203,
        0.01723564447662109,
        0.03238275827059484,
        0.020799903069058646,
        0.012935924476101158,
        0.01497692512468471,
        0.02204203592924474,
        0.012157189951888994,
        0.020174621785476122,
        0.018502735288516012,
        0.018998033070771768,
        0.029550510517009635,
        0.03424378371813541,
        0.02634556678073525
    ]
}