{
    "best_val_acc": 0.7939443028668421,
    "best_val_epoch": 4,
    "best_val_loss": 0.5604050429437587,
    "train_acc": [
        0.6796622135355592,
        0.7637517175426293,
        0.7942413517465597,
        0.8172041429740313,
        0.8373527871260597,
        0.854676361685639,
        0.870616525808542,
        0.8838117128096693,
        0.894134502869553,
        0.9038620623130093
    ],
    "train_loss": [
        0.74231605972967,
        0.5781883842069307,
        0.5134871631595621,
        0.4617542882875336,
        0.41379292354144986,
        0.3735894825078844,
        0.3354398507436819,
        0.3019924614404029,
        0.2760706342092055,
        0.25201621458340456
    ],
    "val_acc": [
        0.7573663715278441,
        0.7842917917366314,
        0.7890672427419482,
        0.7936394822183263,
        0.7939443028668421,
        0.789473665630253,
        0.788762424515893,
        0.7846982148308455,
        0.7853078448028735,
        0.7856126586079379
    ],
    "val_loss": [
        0.6004707152173423,
        0.5685783986746357,
        0.5516325648638611,
        0.5445679084020668,
        0.5604050429437587,
        0.6245239501536268,
        0.694943232316841,
        0.661869150185774,
        0.7450677534655036,
        0.7525502387839249
    ]
}