{
    "best_val_acc": 0.7964844339578477,
    "best_val_epoch": 3,
    "best_val_loss": 0.5410864709039404,
    "train_acc": [
        0.6806087573726372,
        0.7703611419915576,
        0.8036175967804559,
        0.8291943057651314,
        0.8513488954885272,
        0.8693750972221957,
        0.8837935101465645
    ],
    "train_loss": [
        0.7449827745112564,
        0.56584765731976,
        0.49127439080343127,
        0.431266712853945,
        0.37917153251006913,
        0.33604274183120547,
        0.30044273533721627
    ],
    "val_acc": [
        0.7628530614067447,
        0.7854094446565387,
        0.7914041671489366,
        0.7964844339578477,
        0.7946555371135261,
        0.7961796155258835,
        0.7944523265414596
    ],
    "val_loss": [
        0.585944882824372,
        0.5384733540223057,
        0.5314887582444243,
        0.5410864709039404,
        0.5581167910889236,
        0.5888681740168269,
        0.6184913249513382
    ]
}