{
    "best_val_acc": 0.7954683772579147,
    "best_val_epoch": 4,
    "best_val_loss": 0.5615619709641437,
    "train_acc": [
        0.6807034120389794,
        0.7648566249489862,
        0.7953899460684518,
        0.8179176911556081,
        0.8387635009772602,
        0.8557539651090563,
        0.8711917334281124
    ],
    "train_loss": [
        0.7417899539705863,
        0.5767676608401378,
        0.5110960022417715,
        0.45895356613110394,
        0.41270666208055806,
        0.37037833525162456,
        0.3343476725578279
    ],
    "val_acc": [
        0.7621418213582674,
        0.7816500519257545,
        0.788457612527674,
        0.7904897167100773,
        0.7954683772579147,
        0.7905913221596267,
        0.7952651701741915
    ],
    "val_loss": [
        0.5892136698693576,
        0.5557153376712229,
        0.5552208871466918,
        0.5583075262610686,
        0.5615619709641437,
        0.6159558175686195,
        0.650667719653505
    ]
}