{
    "best_val_acc": 0.7909977440426103,
    "best_val_epoch": 4,
    "best_val_loss": 0.5899993733186302,
    "train_acc": [
        0.6787229508579421,
        0.7625994823724769,
        0.7935004989633937,
        0.8168036819243631,
        0.8371689386698601,
        0.8540738497198812,
        0.8694879543628582,
        0.8825029336452709,
        0.8924452860983744,
        0.9015157255750406
    ],
    "train_loss": [
        0.7442582065338732,
        0.5818060504286471,
        0.5150109835347061,
        0.46173871998552857,
        0.4146626914961578,
        0.37354613669200915,
        0.3361479308357335,
        0.3042782463306347,
        0.2798455900158934,
        0.2567664523481494
    ],
    "val_acc": [
        0.754419813733158,
        0.7773826230083435,
        0.7856126634528593,
        0.7895752674824482,
        0.7909977440426103,
        0.7905913250060179,
        0.7869335309418932,
        0.7865271100157816,
        0.784799819287186,
        0.7818532634546931
    ],
    "val_loss": [
        0.6059252339101279,
        0.5567754196989854,
        0.5488573478455709,
        0.5802129299823309,
        0.5899993733186302,
        0.6302422550399961,
        0.6764624960488891,
        0.7242344815031927,
        0.7255504428068571,
        0.8379752378205996
    ]
}