{
    "best_val_acc": 0.7983133281737996,
    "best_val_epoch": 3,
    "best_val_loss": 0.5320023783966914,
    "train_acc": [
        0.6810947714686019,
        0.7702246213924608,
        0.8033955232783871,
        0.8302537070641313,
        0.8521498172423008,
        0.870529152364697,
        0.8856028652326219
    ],
    "train_loss": [
        0.7408574465725881,
        0.5662984936401908,
        0.4914592731006089,
        0.42928037063036856,
        0.3771946740996359,
        0.3312470252483925,
        0.2961453377233172
    ],
    "val_acc": [
        0.7625482411821595,
        0.7792115218875322,
        0.7920137981141735,
        0.7983133281737996,
        0.7954683814608839,
        0.7953667761930192,
        0.7927250329906973
    ],
    "val_loss": [
        0.5826613782528236,
        0.5463947754544811,
        0.5366541499094468,
        0.5320023783966914,
        0.5611134563318915,
        0.5933982583110687,
        0.6388747684598526
    ]
}