{
    "best_val_acc": 0.7976020926916606,
    "best_val_epoch": 5,
    "best_val_loss": 0.571585363596587,
    "train_acc": [
        0.6797004391568962,
        0.767037316732867,
        0.8005995782213599,
        0.8251296280512612,
        0.8464760143395524,
        0.8651283912623,
        0.880034638373244,
        0.8920739501531944,
        0.9025277993654296,
        0.9108846907015309
    ],
    "train_loss": [
        0.7444493167530994,
        0.5729662899042994,
        0.4993573751754301,
        0.4414164588826468,
        0.390518621588744,
        0.3467961235706348,
        0.30976690339792395,
        0.2798461621133208,
        0.25390672229829675,
        0.23305961182761253
    ],
    "val_acc": [
        0.7587888444906521,
        0.7798211551056575,
        0.7929282479837546,
        0.7935378805841524,
        0.7944523241795604,
        0.7976020926916606,
        0.7925218238721071,
        0.7861206889806591,
        0.7887624275439689,
        0.7872383449286422
    ],
    "val_loss": [
        0.5942424685822781,
        0.5493877348413411,
        0.5300302290681465,
        0.5457675851559014,
        0.552088201566819,
        0.571585363596587,
        0.5951474898110025,
        0.67880114427889,
        0.6494215023733207,
        0.6812346534524548
    ]
}