{
    "best_val_acc": 0.7915057715931648,
    "best_val_epoch": 6,
    "best_val_loss": 0.5713614419305549,
    "train_acc": [
        0.6916523765113212,
        0.7618586291526107,
        0.788676765810956,
        0.8087125514014458,
        0.8264092823500818,
        0.8429992852949612,
        0.8569480670154915,
        0.8701450743929019,
        0.8812615045713393,
        0.89084708299425
    ],
    "train_loss": [
        0.7183647822218349,
        0.585370367828062,
        0.5280393223123622,
        0.48267352602490293,
        0.4417245972177508,
        0.4025405384574191,
        0.3689321633235584,
        0.33693344352381244,
        0.3097705828965416,
        0.2857352735681857
    ],
    "val_acc": [
        0.760617743939119,
        0.7790083106856258,
        0.781142026010361,
        0.7822596784700008,
        0.7881527949435709,
        0.7851046350544435,
        0.7915057715931648,
        0.7872383485259963,
        0.7902865049267803,
        0.7897784786237931
    ],
    "val_loss": [
        0.5979617919725171,
        0.5560306922688375,
        0.5444013319335752,
        0.5551876477402077,
        0.5679327654804648,
        0.5840435644350166,
        0.5713614419305549,
        0.601835844345244,
        0.6197504560362637,
        0.6484446833468481
    ]
}