{
    "best_val_acc": 0.787746373048475,
    "best_val_epoch": 4,
    "best_val_loss": 0.5541470876870855,
    "train_acc": [
        0.6848190573083622,
        0.756168444547188,
        0.7837565578389627,
        0.8053960072352733,
        0.8237061710667768,
        0.8406274649229947,
        0.856709610636052,
        0.8707585072303092,
        0.8823536710717462,
        0.89134765941608
    ],
    "train_loss": [
        0.7300998833104667,
        0.5968728391649919,
        0.5381757523232614,
        0.4909234686682885,
        0.44755109389009856,
        0.4073241907082251,
        0.3696762167974993,
        0.3361835277726939,
        0.307172238931831,
        0.2847599079571347
    ],
    "val_acc": [
        0.75614710791376,
        0.776264969519158,
        0.7787034971228074,
        0.7831741307620425,
        0.787746373048475,
        0.7816500503148182,
        0.7811420209474181,
        0.7762649666727667,
        0.7746392809576776,
        0.7763665735394556
    ],
    "val_loss": [
        0.6025499130768205,
        0.5622700945896435,
        0.5540562804892063,
        0.5627791682556136,
        0.5541470876870855,
        0.5733008716218333,
        0.5940502236902507,
        0.6194546629054545,
        0.664193478136425,
        0.6912177032485431
    ]
}