{
    "best_val_acc": 0.7861206871274767,
    "best_val_epoch": 7,
    "best_val_loss": 0.6336403337345693,
    "train_acc": [
        0.6824581584124817,
        0.762515749891031,
        0.7902640469636694,
        0.812844579737852,
        0.8309144675606345,
        0.8490153004149023,
        0.8637759256701686,
        0.8770166193446817,
        0.8878126815939127,
        0.8979843883430193
    ],
    "train_loss": [
        0.7356152524492294,
        0.5831601351644564,
        0.5217781955887087,
        0.4727126728127235,
        0.4294361488579045,
        0.38794669476482585,
        0.3514484328272848,
        0.318999653457941,
        0.2919171354582622,
        0.26713196519904253
    ],
    "val_acc": [
        0.7551310537816354,
        0.7743344664016504,
        0.782259683314922,
        0.7826661037807662,
        0.7843933977917961,
        0.7842917921242252,
        0.786120686340177,
        0.7861206871274767,
        0.7839869740798545,
        0.7819548695704192
    ],
    "val_loss": [
        0.6039970893124404,
        0.5734943586669058,
        0.5873255286667798,
        0.5918126435535174,
        0.5881328033834085,
        0.6211240932820798,
        0.6490433866767906,
        0.6336403337345693,
        0.7100832861290063,
        0.753061995785354
    ]
}