{
    "best_val_acc": 0.99939036475912,
    "best_val_epoch": 8,
    "best_val_loss": 0.006770846453667356,
    "train_acc": [
        0.9875025121183615,
        0.9894330128134085,
        0.9865880628543955,
        0.9890265923475643,
        0.9867912726028255,
        0.9865880622851173,
        0.9889249852628539,
        0.9928876032094794,
        0.9927859957371754,
        0.9914651260437023,
        0.9918715458675943,
        0.9924811786860137,
        0.9942084725153589,
        0.992887604033116,
        0.9914651260073654,
        0.9891281981847073,
        0.9909570978511957,
        0.9917699412053447,
        0.9928876016106554,
        0.9947165040871981
    ],
    "train_loss": [
        0.041932453330132326,
        0.03517141471516808,
        0.04415494061796779,
        0.03623932136839312,
        0.03947914467779687,
        0.04696402577357812,
        0.03935228745337425,
        0.023080283059312565,
        0.025421483774258406,
        0.028803326834876637,
        0.025090160211701507,
        0.022678121684898456,
        0.019408200065791,
        0.02299914535726357,
        0.03049155431624057,
        0.0334246131087892,
        0.028493354448028935,
        0.027201426880014198,
        0.023592309604817726,
        0.01578032882498349
    ],
    "val_acc": [
        0.9971550379650207,
        0.9968502203445807,
        0.9968502227670414,
        0.9970534308803103,
        0.99837430602432,
        0.9966470085976207,
        0.99928875888564,
        0.99908554713868,
        0.99939036475912,
        0.99867912364476,
        0.99878072951824,
        0.9988823359973351,
        0.9984759125034152,
        0.9989839424764303,
        0.997155039176251,
        0.99837430602432,
        0.9985775183768951,
        0.99766306490996,
        0.99878072951824,
        0.99857751777128
    ],
    "val_loss": [
        0.019239817929134876,
        0.041956305491567314,
        0.025776280515278967,
        0.039967332822212494,
        0.01591788098930304,
        0.024993107426433535,
        0.010517530979648622,
        0.012413816918443255,
        0.006770846453667356,
        0.01777549888974624,
        0.03048159700073737,
        0.01172327709561121,
        0.019187998087537617,
        0.02017186050898321,
        0.052159529329307196,
        0.0132848152289823,
        0.03507965546020141,
        0.033543554411286376,
        0.022752728548516326,
        0.02471294671852678
    ]
}