{
    "best_val_acc": 0.7912009519499701,
    "best_val_epoch": 4,
    "best_val_loss": 0.5737360617635309,
    "train_acc": [
        0.6778255542500023,
        0.7661053348959465,
        0.798340614697548,
        0.8231728306001174,
        0.8431831332679153,
        0.8607961319326783,
        0.8755986236444139,
        0.8884461378122561,
        0.8985104487019875,
        0.9073205884761998
    ],
    "train_loss": [
        0.7478346791968884,
        0.5751382509643124,
        0.5051879848217162,
        0.4484594172081256,
        0.3999476242323045,
        0.35713636352680095,
        0.3211328665626726,
        0.2899204452898144,
        0.26411810823505766,
        0.24275755530950055
    ],
    "val_acc": [
        0.7488315199429706,
        0.7772810217738757,
        0.7868319246081457,
        0.7889656376557679,
        0.7912009519499701,
        0.7885592148038,
        0.788152797184347,
        0.7884576119583958,
        0.7857142622406418,
        0.7842917909493318
    ],
    "val_loss": [
        0.6024317578968055,
        0.5594582594439064,
        0.548709507887016,
        0.54929290698859,
        0.5737360617635309,
        0.608810265552123,
        0.6338467185416373,
        0.6458516707388373,
        0.6796991057062605,
        0.71876581281793
    ]
}