{
    "best_val_acc": 0.9984759209820275,
    "best_val_epoch": 11,
    "best_val_loss": 0.03194576942951798,
    "train_acc": [
        0.4318227981605367,
        0.5839260286903071,
        0.7106279245335696,
        0.8317415129603033,
        0.9181060792469101,
        0.9517374544021585,
        0.9725665586844036,
        0.9833367304379463,
        0.9839463630383443,
        0.9875025500177587,
        0.9869945224672041,
        0.991261945752394,
        0.9876041542924145,
        0.9914651562881237,
        0.9889250239858878,
        0.9864864961642169,
        0.9864864951346711,
        0.9883153917730836,
        0.9896362596497112,
        0.9912619469636244
    ],
    "train_loss": [
        1.2331141261787004,
        0.867975183532287,
        0.6521808706728139,
        0.4195156756624219,
        0.23698508462705303,
        0.1480619106998145,
        0.09162718070804576,
        0.05970580981288456,
        0.056920798692236804,
        0.04697802809862508,
        0.04232263981802414,
        0.03129908143304435,
        0.03495597760057733,
        0.032861060985944844,
        0.03673400920119308,
        0.04781218823174185,
        0.040607288606037906,
        0.039121723926692956,
        0.03265455239771316,
        0.027964345683862076
    ],
    "val_acc": [
        0.5904287744576164,
        0.7472058512456677,
        0.8794960385172185,
        0.9519406639083423,
        0.9832351239225143,
        0.992074789106543,
        0.9953261576782177,
        0.9972566577676495,
        0.9962406050890011,
        0.998171105178433,
        0.9978662893748386,
        0.9984759209820275,
        0.9977646841069737,
        0.9978662893748386,
        0.9962406048709798,
        0.9968502366961902,
        0.9969518417460336,
        0.9977646841069737,
        0.9980694999105681,
        0.998171105178433
    ],
    "val_loss": [
        0.8905928299645538,
        0.6556095418903891,
        0.41708112552722665,
        0.210164193008712,
        0.09591019334673906,
        0.054452147906741896,
        0.0325063429458691,
        0.027043475539704948,
        0.027746517603429256,
        0.018960117818401616,
        0.02303997644745048,
        0.03194576942951798,
        0.02273165303196991,
        0.015353141627048294,
        0.03215484986534701,
        0.025163245126393067,
        0.02046908183951439,
        0.02232504148342172,
        0.03941056407071889,
        0.03411710162874789
    ]
}