{
    "best_val_acc": 0.7945539328388702,
    "best_val_epoch": 4,
    "best_val_loss": 0.5499165768522578,
    "train_acc": [
        0.6804194481511618,
        0.765200657593347,
        0.7969135181206555,
        0.8222645124365634,
        0.8425533178598582,
        0.8608216160115137,
        0.8753838309604745,
        0.8876051700070482,
        0.8979716466888743,
        0.9063867865914165
    ],
    "train_loss": [
        0.7410805275426298,
        0.5748257750365267,
        0.5056039463905699,
        0.4497240348485207,
        0.4016229995485065,
        0.3584986059808228,
        0.32248520329818253,
        0.2921232313949678,
        0.2665065220477922,
        0.24492561182584083
    ],
    "val_acc": [
        0.760008110696769,
        0.781040419737175,
        0.7897784770128567,
        0.7910993489228815,
        0.7945539328388702,
        0.7914041671125996,
        0.7910993517692727,
        0.7871367434761529,
        0.7869335302999412,
        0.7893720591874948
    ],
    "val_loss": [
        0.5919905762087643,
        0.5548736823692818,
        0.5473441151408882,
        0.5610403010598578,
        0.5499165768522578,
        0.6074423247104591,
        0.6492477686781633,
        0.6488199215476965,
        0.7190283436863385,
        0.7368166575560698
    ]
}