{
    "best_val_acc": 0.7905913272104571,
    "best_val_epoch": 4,
    "best_val_loss": 0.5895767674422366,
    "train_acc": [
        0.6796312689080082,
        0.7638190676979774,
        0.79360061399379,
        0.8159754559331162,
        0.8351902981870161,
        0.8535241262727788,
        0.8678497057276507,
        0.8820078190011017,
        0.8923615533244208,
        0.901934389130493
    ],
    "train_loss": [
        0.7427124988464937,
        0.5782887827350875,
        0.5146314176490699,
        0.4641781479237594,
        0.41868582615373157,
        0.37617347971953974,
        0.3411181632706849,
        0.3075506600962936,
        0.28049054482266916,
        0.2567018845178664
    ],
    "val_acc": [
        0.7535053669279898,
        0.776264965485761,
        0.7860190818596119,
        0.7869335311235778,
        0.7905913272104571,
        0.7886608206772799,
        0.7877463718372446,
        0.7873399519770157,
        0.7875431622704993,
        0.7814468406027252
    ],
    "val_loss": [
        0.6056510523140273,
        0.5723747442987629,
        0.5628306838621141,
        0.5940376433432768,
        0.5895767674422366,
        0.6349075224384547,
        0.6507941679701624,
        0.7437155161342881,
        0.8036504058158632,
        0.8254144398377838
    ]
}