{
    "best_val_acc": 0.794350722121456,
    "best_val_epoch": 6,
    "best_val_loss": 0.6189368069959206,
    "train_acc": [
        0.680230139873393,
        0.7631000582945697,
        0.794232250813191,
        0.8180942582812474,
        0.8379643994386516,
        0.8551569149754247,
        0.8704308576735862,
        0.8825174961822712,
        0.8939215305789305,
        0.9022656797870807
    ],
    "train_loss": [
        0.7410264918195097,
        0.5803000802935551,
        0.5131444940060474,
        0.45971359391593347,
        0.41275541224144974,
        0.37101110497671835,
        0.3347059950291718,
        0.30409193849542854,
        0.27724272676923484,
        0.25551847470092953
    ],
    "val_acc": [
        0.7587888450599303,
        0.7830725291278686,
        0.7906929278514221,
        0.7904897152808255,
        0.7918105851559831,
        0.7931314553097238,
        0.794350722121456,
        0.7941475117674108,
        0.7915057715931648,
        0.7894736650609747
    ],
    "val_loss": [
        0.5997714798301731,
        0.559774241925158,
        0.5468266435305148,
        0.558346434243688,
        0.591012993677194,
        0.5931862248465483,
        0.6189368069959206,
        0.6385305920671434,
        0.6526628785006425,
        0.6962046572600552
    ]
}