{
    "best_val_acc": 0.9988823359973351,
    "best_val_epoch": 18,
    "best_val_loss": 0.004563147478517023,
    "train_acc": [
        0.43283884282084023,
        0.5881934443689706,
        0.7230237590978359,
        0.8389554752903338,
        0.9129241853316512,
        0.9589514112574278,
        0.9726681268643955,
        0.9797805026764066,
        0.9838447115378175,
        0.9872992979126038,
        0.9900426449898757,
        0.9918715458675943,
        0.9898394337031832,
        0.9825238483244266,
        0.9811013723698798,
        0.98658806103755,
        0.9900426504767491,
        0.9885185641550577,
        0.9903474650327764,
        0.9916683359738168,
        0.4373094768416128,
        0.5896159172106554,
        0.7239382087130586,
        0.835500892730923,
        0.9150578942005287,
        0.9572241178520131,
        0.9733793639574708,
        0.9802885271988853,
        0.9871976950671997,
        0.9856736124518731,
        0.9868928756299142,
        0.9890265917056121,
        0.9883153530500498,
        0.9885185611269819,
        0.9892298022413418,
        0.9906522796614774,
        0.9900426454138063,
        0.989433013237339,
        0.9882137483514631,
        0.9882137453233873
    ],
    "train_loss": [
        1.2432848742472837,
        0.8651817950430112,
        0.6467446775679616,
        0.41432865754033316,
        0.24201303078824973,
        0.13403203955960696,
        0.09031004955951602,
        0.07027637707499125,
        0.05587272262028491,
        0.04232810919540784,
        0.03186009412836166,
        0.028086675703449842,
        0.033351429110157114,
        0.058796479897768525,
        0.058859533724749606,
        0.04393960576452613,
        0.03528099854527281,
        0.035636327250826,
        0.02983404368789913,
        0.02848778722159189,
        1.2244800425864555,
        0.8579665594797652,
        0.6376530317072218,
        0.4225054734776936,
        0.2451630390361421,
        0.1395259873774618,
        0.08495723156894738,
        0.06761268207837813,
        0.04996890753312303,
        0.04766383286913014,
        0.04204266454547181,
        0.03677882018482611,
        0.03671272400803705,
        0.037291971128793525,
        0.039872375869068596,
        0.032004073857799326,
        0.03425823133433148,
        0.03019944466294687,
        0.03624939512254379,
        0.041633899675845326
    ],
    "val_acc": [
        0.5784393316893722,
        0.7534037624353123,
        0.8790895974604586,
        0.9549888019589868,
        0.9836415040301637,
        0.9926843916805409,
        0.9963421940052565,
        0.9966470085976207,
        0.9977646726002855,
        0.9984759131090304,
        0.9977646719946703,
        0.99878072951824,
        0.996748615682331,
        0.9952245318194372,
        0.9963421915827958,
        0.9973582491063655,
        0.9981710954885903,
        0.9977646732059007,
        0.9988823359973351,
        0.9982727025733007,
        0.5982523759953061,
        0.7620402156906965,
        0.8839666559865286,
        0.948384453491621,
        0.9800853166631557,
        0.9930908127156634,
        0.9952245306082068,
        0.9980694902207256,
        0.9970534339083862,
        0.9981710954885903,
        0.9982727025733007,
        0.9980694890094952,
        0.9985775196244624,
        0.9971550397818661,
        0.9979678849528607,
        0.9981710948829752,
        0.99867912364476,
        0.9980694902207256,
        0.9975614608533255,
        0.9982727013620704
    ],
    "val_loss": [
        0.8993926045250733,
        0.6589155297675673,
        0.4118970986898535,
        0.20427590984683822,
        0.09329578263870199,
        0.05803721169495432,
        0.025253478081106194,
        0.02261796318413983,
        0.02134549923517829,
        0.012711830998229057,
        0.018428983345990774,
        0.011080751159946417,
        0.02593320088441974,
        0.029753176659422086,
        0.02139335164278511,
        0.017015193065316517,
        0.020288904003551607,
        0.014404871771213336,
        0.004563147478517023,
        0.020735175844854976,
        0.9016972805784621,
        0.6438052426433931,
        0.40214845919071285,
        0.22143755476483482,
        0.1081202620777796,
        0.056054207043079944,
        0.03665059658281809,
        0.021731530995220037,
        0.020163333704522883,
        0.02032856199695632,
        0.010128926261190668,
        0.016820228450530956,
        0.00781513088833396,
        0.017899603353056934,
        0.014911155819124888,
        0.01980500788778673,
        0.009317032325385659,
        0.012674531684257279,
        0.01429859828965667,
        0.016224576977466352
    ]
}