{
    "best_val_acc": 0.7714895162609529,
    "best_val_epoch": 0,
    "best_val_loss": 0.5604031768920242,
    "train_acc": [
        0.6990518019074717
    ],
    "train_loss": [
        0.7014529131006512
    ],
    "val_acc": [
        0.7714895162609529
    ],
    "val_loss": [
        0.5604031768920242
    ]
}