{
    "best_val_acc": 0.7937410881281431,
    "best_val_epoch": 3,
    "best_val_loss": 0.5438508143925953,
    "train_acc": [
        0.680552328797098,
        0.76777634917295,
        0.8018428272375865,
        0.8260634302421144,
        0.8475645400891292,
        0.866175050083663,
        0.8814162292093907
    ],
    "train_loss": [
        0.7438600972410166,
        0.5706219364134636,
        0.49709189498462525,
        0.43900218988832096,
        0.3879126588698525,
        0.34353717661829714,
        0.30668219899116433
    ],
    "val_acc": [
        0.7613289780041184,
        0.7832757380526619,
        0.7898800853087974,
        0.7937410881281431,
        0.7899816923935078,
        0.7917089809176642,
        0.7906929268461009
    ],
    "val_loss": [
        0.5909642745774588,
        0.5499859526314355,
        0.5378407012808253,
        0.5438508143925953,
        0.5713505770733288,
        0.5954744860278569,
        0.6360056070117683
    ]
}