{
    "best_val_acc": 0.9986791248559903,
    "best_val_epoch": 16,
    "best_val_loss": 0.008318502105994113,
    "train_acc": [
        0.4306035242873318,
        0.5918512384330953,
        0.7114407462672571,
        0.8352976819529472,
        0.9213574316849967,
        0.960780305291695,
        0.9729729418564657,
        0.983133479544022,
        0.9865880562289656,
        0.9884169599167386,
        0.9872992973069887,
        0.9857752163268231,
        0.985470400062961,
        0.9843527405781853,
        0.9831334764796092,
        0.9879089295197928,
        0.9924811823197047,
        0.9938020544356385,
        0.9932940224640933,
        0.9927859993345295
    ],
    "train_loss": [
        1.2181787060373466,
        0.8696577204991298,
        0.6551171226051856,
        0.4234979335151293,
        0.23111354098635412,
        0.1311639347328473,
        0.09146050866288254,
        0.05933849065943272,
        0.050203302798323746,
        0.042994945317815655,
        0.041121523462999,
        0.04414438303984706,
        0.04826912534584228,
        0.051707922073724225,
        0.05702837307617035,
        0.040464208471753256,
        0.026958494611634055,
        0.020535015950372697,
        0.023822208524588325,
        0.026101090639183897
    ],
    "val_acc": [
        0.5823003312262838,
        0.7482218889292845,
        0.8879292656725631,
        0.953769539386561,
        0.9844543459913978,
        0.9921763653048798,
        0.9961389828639117,
        0.9973582485007503,
        0.9976630667268055,
        0.9977646726002855,
        0.9971550379650207,
        0.997663068543651,
        0.9979678837416304,
        0.9956309553133572,
        0.9971550385706358,
        0.9979678837416304,
        0.9986791248559903,
        0.9985775183768951,
        0.9977646719946703,
        0.99827270015084
    ],
    "val_loss": [
        0.8929989370624362,
        0.6436300657309548,
        0.41479016292073384,
        0.2171750318541369,
        0.0953665585267522,
        0.04864313033290375,
        0.035880933456301535,
        0.019195533432978647,
        0.017893615512609228,
        0.010528598762407075,
        0.022524988402755772,
        0.019054819920391347,
        0.015140968897629562,
        0.029853799925415685,
        0.03321923240750507,
        0.017464415188988544,
        0.008318502105994113,
        0.014608168577355876,
        0.021718986438269076,
        0.016300695495640893
    ]
}