{
    "best_val_acc": 0.7902865081728776,
    "best_val_epoch": 6,
    "best_val_loss": 0.7013299893470489,
    "train_acc": [
        0.6816335735334681,
        0.7641849428028019,
        0.7934204068150646,
        0.8161065161550307,
        0.8355634545984232,
        0.8527432277564001,
        0.867292700777044,
        0.8796323567910573,
        0.8903155623094188,
        0.9001159325812763
    ],
    "train_loss": [
        0.7381347975315882,
        0.5797094204142431,
        0.5159816707606244,
        0.46377287442632786,
        0.4189317930964704,
        0.3789457146464875,
        0.3428928382338322,
        0.31285370420350417,
        0.28578814252214124,
        0.2624208637900583
    ],
    "val_acc": [
        0.7529973395833444,
        0.7756553370883323,
        0.7869335316928561,
        0.789067240537509,
        0.7882544020282812,
        0.7882544014226661,
        0.7902865081728776,
        0.7876447675989257,
        0.7867303169541571,
        0.7857142634518721
    ],
    "val_loss": [
        0.6067989802874096,
        0.5869188617700679,
        0.562816523852762,
        0.5508162404095054,
        0.6019228345505762,
        0.6220795928014776,
        0.7013299893470489,
        0.7283954819124226,
        0.7842150359734169,
        0.8388536547626138
    ]
}