{
    "best_val_acc": 0.7907945304788048,
    "best_val_epoch": 4,
    "best_val_loss": 0.5727071781525208,
    "train_acc": [
        0.6829368916312948,
        0.7624392977469644,
        0.7910649689240211,
        0.8130630129366406,
        0.8329513577995884,
        0.8499818674889409,
        0.8652285068679472,
        0.8785183480344865,
        0.8895364840102664,
        0.899171209423405
    ],
    "train_loss": [
        0.7352006171930054,
        0.5834410719253201,
        0.5202898683593578,
        0.470889678816945,
        0.4256162134370888,
        0.38474262584979285,
        0.34745860306354404,
        0.3141167530196971,
        0.28668186198893936,
        0.263212807405116
    ],
    "val_acc": [
        0.7552326595097677,
        0.7767729938236152,
        0.7807356042969495,
        0.7884576127456955,
        0.7907945304788048,
        0.7834789488064131,
        0.7878479763178098,
        0.7830725265237234,
        0.787035133932645,
        0.7809388130158338
    ],
    "val_loss": [
        0.6156847777344352,
        0.5778706620268114,
        0.5639436263920354,
        0.5702175247223488,
        0.5727071781525208,
        0.6215590205867948,
        0.7613264291879003,
        0.6953661851319954,
        0.7733883833139075,
        0.7505168728144327
    ]
}