{
    "best_val_acc": 0.7920137985381042,
    "best_val_epoch": 4,
    "best_val_loss": 0.5663299118084434,
    "train_acc": [
        0.6759870748713396,
        0.76445070408632,
        0.7991743017472295,
        0.823857254690893,
        0.8457023968006848,
        0.8644676306283311,
        0.8794394076239078,
        0.8922942030524385,
        0.901686831210102,
        0.9105224556809312
    ],
    "train_loss": [
        0.7508768181053889,
        0.577328528098534,
        0.5018295040529746,
        0.4428054704813902,
        0.39185918879319276,
        0.3465361579315966,
        0.3094678833940003,
        0.2781471215398865,
        0.25406520573891367,
        0.2331512386503786
    ],
    "val_acc": [
        0.7514732560838197,
        0.7791099180125822,
        0.789981693362492,
        0.7898800844972731,
        0.7920137985381042,
        0.7903881138283362,
        0.787949581803696,
        0.7875431635180665,
        0.7828693118940352,
        0.7835805536503473
    ],
    "val_loss": [
        0.6123422871661172,
        0.553361569186629,
        0.536827209034094,
        0.5493741518318399,
        0.5663299118084434,
        0.587193402386952,
        0.6330174915045893,
        0.660484458355612,
        0.7076650318322301,
        0.7540229548406998
    ]
}