{
    "best_val_acc": 0.7927250352072488,
    "best_val_epoch": 3,
    "best_val_loss": 0.563085273516854,
    "train_acc": [
        0.6830442881305852,
        0.7640265791220965,
        0.7937626189079199,
        0.8153492809913016,
        0.8355980402578114,
        0.8524519829548673,
        0.8673946361062564,
        0.8800127950617304,
        0.8916261614096026,
        0.9006656563125321
    ],
    "train_loss": [
        0.736012322096521,
        0.5802148370918763,
        0.5149908552036921,
        0.4658785484791671,
        0.4203479043858256,
        0.3798429831239216,
        0.3432144731307654,
        0.3109784379348708,
        0.28315118392911653,
        0.2604565206676291
    ],
    "val_acc": [
        0.7498475744384645,
        0.7800243648177505,
        0.7844950012064784,
        0.7927250352072488,
        0.7885592165843085,
        0.7897784781998625,
        0.7869335311235778,
        0.789575267627796,
        0.7859174733819867,
        0.7852062397166932
    ],
    "val_loss": [
        0.6122362931383696,
        0.5633936328595791,
        0.5762569727366641,
        0.563085273516854,
        0.5853871465383373,
        0.6300559310657758,
        0.6583930819505988,
        0.6808890222146535,
        0.7124728510666126,
        0.7053572927892898
    ]
}