{
    "best_val_acc": 0.7904897197018161,
    "best_val_epoch": 6,
    "best_val_loss": 0.6268771042234649,
    "train_acc": [
        0.6793473055334895,
        0.7642886988496288,
        0.7968170430110876,
        0.8198508251388785,
        0.8411262204187875,
        0.8586099798466954,
        0.8739130472103663
    ],
    "train_loss": [
        0.7446676165473999,
        0.5768818087511307,
        0.5074586671428178,
        0.4532680274447829,
        0.40491043784480163,
        0.36286739729887046,
        0.3254822960394401
    ],
    "val_acc": [
        0.7564519233297609,
        0.780227576782732,
        0.7815484464762051,
        0.7859174764463994,
        0.7885592184011541,
        0.7886608212465582,
        0.7904897197018161
    ],
    "val_loss": [
        0.5994290663347669,
        0.5557125506968402,
        0.5537353288446638,
        0.5750056051234118,
        0.5601902757323726,
        0.6267351106193777,
        0.6268771042234649
    ]
}