{
    "best_val_acc": 0.8013614908487567,
    "best_val_epoch": 2,
    "best_val_loss": 0.5188575536951353,
    "train_acc": [
        0.6990663637089711,
        0.7817123873331525,
        0.8159681749549539,
        0.8427444470227607,
        0.8645968703982319,
        0.8826157914174941,
        0.8966319230442636
    ],
    "train_loss": [
        0.7015077549499368,
        0.5407233542043686,
        0.4631384085961659,
        0.39972988066655885,
        0.3467615153191975,
        0.30371941474374203,
        0.2682846564996015
    ],
    "val_acc": [
        0.767222091376939,
        0.7917089823469159,
        0.8013614908487567,
        0.7995325960271897,
        0.7956715897921744,
        0.7951635668685199,
        0.7938426949706074
    ],
    "val_loss": [
        0.570669626709989,
        0.519271059658585,
        0.5188575536951353,
        0.5367164470647511,
        0.6126247304916576,
        0.5927127304721038,
        0.6273307205518313
    ]
}