{
    "best_val_acc": 0.7894736634258138,
    "best_val_epoch": 4,
    "best_val_loss": 0.5561313834817302,
    "train_acc": [
        0.6884650720086138,
        0.7604497353079356,
        0.7868055215839352,
        0.8079079899576169,
        0.8266896053493867,
        0.8433087322901324,
        0.8589503715837735,
        0.872216549119694,
        0.8836005606103084,
        0.8931333505909453
    ],
    "train_loss": [
        0.7238321936810778,
        0.5885303114479054,
        0.5317425152177858,
        0.4843924436070397,
        0.4413218735803043,
        0.4015778830534854,
        0.36459046373564696,
        0.33103796570240174,
        0.3039406732418821,
        0.28074786103773164
    ],
    "val_acc": [
        0.7546230246322568,
        0.7735216230475014,
        0.7826661050283334,
        0.779211524673362,
        0.7894736634258138,
        0.788864028754212,
        0.7808372077843058,
        0.7797195504434078,
        0.7708798814197789,
        0.7719975413890467
    ],
    "val_loss": [
        0.5969685849996147,
        0.5661183727378648,
        0.5526544103182033,
        0.5623806902388929,
        0.5561313834817302,
        0.5631683204407082,
        0.5977338216600804,
        0.6275720700842654,
        0.6444525353987511,
        0.6952681113030702
    ]
}