{
    "best_val_acc": 0.7958748023506588,
    "best_val_epoch": 4,
    "best_val_loss": 0.5897037600434134,
    "train_acc": [
        0.6809964768543069,
        0.7662163715545414,
        0.7980657534921783,
        0.8223955720124871,
        0.843498041538298,
        0.8615697499267991,
        0.8755968034914176,
        0.8877871969705311,
        0.898676093776073,
        0.9068473164929967
    ],
    "train_loss": [
        0.7404942692761447,
        0.5740904597570112,
        0.5040979893192703,
        0.44844399865030393,
        0.400240245050331,
        0.35612169182800935,
        0.32070477849417073,
        0.2908539337217511,
        0.26385517312624435,
        0.2436443560360134
    ],
    "val_acc": [
        0.7552326566633765,
        0.7815484446593597,
        0.7922170084682186,
        0.7894736646007072,
        0.7958748023506588,
        0.7938426945709015,
        0.7903881114058755,
        0.7904897171340078,
        0.7890672415307178,
        0.7828693173445718
    ],
    "val_loss": [
        0.6028505520495039,
        0.5547843984146715,
        0.5407488505982257,
        0.5801232016394231,
        0.5897037600434134,
        0.6344007235417835,
        0.6444097413107817,
        0.6693193822753936,
        0.7139128523734352,
        0.7440136211041003
    ]
}