{
    "best_val_acc": 0.7926234338153211,
    "best_val_epoch": 4,
    "best_val_loss": 0.6102799391799815,
    "train_acc": [
        0.6780312459331966,
        0.7624538599559784,
        0.7925648770756655,
        0.8156987741411964,
        0.8351775557001571,
        0.8524082969269456,
        0.8680153502750921
    ],
    "train_loss": [
        0.7451383769063542,
        0.5825921129244854,
        0.5167548474572281,
        0.4660866792265614,
        0.41898361275888535,
        0.37863356099815515,
        0.34146370331101344
    ],
    "val_acc": [
        0.7499491843332292,
        0.7758585448140076,
        0.7864255052081842,
        0.7892704522481321,
        0.7926234338153211,
        0.7865271082352729,
        0.7891688494390647
    ],
    "val_loss": [
        0.6046479957856146,
        0.5673701624467203,
        0.5929525036367065,
        0.5702604801825357,
        0.6102799391799815,
        0.6387425746357652,
        0.6530140870059803
    ]
}