{
    "best_val_acc": 0.7971956692340776,
    "best_val_epoch": 4,
    "best_val_loss": 0.5774415356554266,
    "train_acc": [
        0.6838925366379391,
        0.7734264878811123,
        0.8078224364328488,
        0.8340453437888817,
        0.8554772834177132,
        0.8745574253256555,
        0.8892980269581459
    ],
    "train_loss": [
        0.7353825421995162,
        0.5599785780394549,
        0.4830550071997925,
        0.42177911288146935,
        0.36893363484438524,
        0.32299828547693893,
        0.28658916633644743
    ],
    "val_acc": [
        0.7659012188734113,
        0.7910993489228815,
        0.7932330615465729,
        0.7966876441059837,
        0.7971956692340776,
        0.7914041661193908,
        0.7819548681532796
    ],
    "val_loss": [
        0.5766002397436941,
        0.5322782502647242,
        0.5271566014080555,
        0.5288251266322517,
        0.5774415356554266,
        0.6057521391753088,
        0.6633901110971587
    ]
}