{
    "best_val_acc": 0.7940459057485832,
    "best_val_epoch": 3,
    "best_val_loss": 0.5392602482987381,
    "train_acc": [
        0.6776526277454308,
        0.7681968325371379,
        0.8031916518750222,
        0.8301080849654203,
        0.8524774673160117,
        0.8715903737572368,
        0.8863255151022721,
        0.8987798490855546,
        0.9081542757424411,
        0.915375313603361
    ],
    "train_loss": [
        0.7476783359483132,
        0.5698699275200063,
        0.4911031536718548,
        0.42910968965801727,
        0.37587553415257285,
        0.3294693069193084,
        0.2928616950795465,
        0.2621598488930594,
        0.2388620662753591,
        0.2205461248969384
    ],
    "val_acc": [
        0.7628530620365844,
        0.7803291824381905,
        0.7886608176492041,
        0.7940459057485832,
        0.7901848972364548,
        0.7908961394166976,
        0.7874415572812175,
        0.7895752716854175,
        0.7885592166206454,
        0.7829709220431583
    ],
    "val_loss": [
        0.592942221805202,
        0.5528308084475706,
        0.5337614179977773,
        0.5392602482987381,
        0.5746500323856054,
        0.5897334340117225,
        0.6305166438473262,
        0.6859917514233588,
        0.6860893523637368,
        0.7817321870414689
    ]
}