{
    "best_val_acc": 0.7940459077107763,
    "best_val_epoch": 3,
    "best_val_loss": 0.5618951372488852,
    "train_acc": [
        0.6805486885159513,
        0.7665585841462657,
        0.7993399469068105,
        0.8234240283330567,
        0.8449415206854063,
        0.8624798886619305,
        0.8775790847847649
    ],
    "train_loss": [
        0.7435987233410587,
        0.5732982265447928,
        0.5021603300083305,
        0.44593338579256847,
        0.39611309838990405,
        0.3524235146709604,
        0.3164191014648861
    ],
    "val_acc": [
        0.759093663709916,
        0.77687459909148,
        0.78378376215121,
        0.7940459077107763,
        0.7907945371405717,
        0.7920137991437193,
        0.7883560042680703
    ],
    "val_loss": [
        0.5992084349032656,
        0.5531499801346307,
        0.5422451554323885,
        0.5618951372488852,
        0.5678121309785721,
        0.6092466014087067,
        0.6302001077793061
    ]
}