{
    "best_val_acc": 0.7898800867017123,
    "best_val_epoch": 6,
    "best_val_loss": 0.6115666038741476,
    "train_acc": [
        0.6846151865123632,
        0.7616893439661997,
        0.7891391162446207,
        0.8105674137666273,
        0.8287264948496935,
        0.8450926037864587,
        0.860135371992656,
        0.8728208809836973,
        0.8837461827564325,
        0.8937759082056139
    ],
    "train_loss": [
        0.730581320012811,
        0.5849674185627962,
        0.5257111975762649,
        0.47739709721004775,
        0.43552043924037126,
        0.3964768233899712,
        0.36002135301417815,
        0.3294580757878235,
        0.30221251094119855,
        0.27771520296641156
    ],
    "val_acc": [
        0.7567567378857881,
        0.7759601553143876,
        0.7831741336084338,
        0.786425505995484,
        0.7842917883088496,
        0.7880511902813213,
        0.7898800867017123,
        0.7842917909493318,
        0.7830725242829473,
        0.7820564746323748
    ],
    "val_loss": [
        0.6035302045674277,
        0.5742682564660704,
        0.5686564730498104,
        0.5823909682705256,
        0.5858761397858651,
        0.5933262581894054,
        0.6115666038741476,
        0.6602152716432783,
        0.6516409872194006,
        0.7034592157189281
    ]
}