{
    "best_val_acc": 0.7888640281485969,
    "best_val_epoch": 3,
    "best_val_loss": 0.5514202993033839,
    "train_acc": [
        0.6887854405458371,
        0.760544390294344,
        0.7883418350113383,
        0.809695501448658,
        0.8277981535708039,
        0.8436236405503164,
        0.8578436433820099,
        0.8709077699473753,
        0.8815108832627253,
        0.8908707464485613
    ],
    "train_loss": [
        0.7219080208004133,
        0.5880493497791746,
        0.5282267648744909,
        0.4808880470726244,
        0.43873382576890274,
        0.40062476522629786,
        0.3667895422710377,
        0.334670441500811,
        0.3077169540909175,
        0.2858944316809026
    ],
    "val_acc": [
        0.7555374742474795,
        0.7760617567426522,
        0.7815484476874355,
        0.7888640281485969,
        0.7854094504704443,
        0.7883560020272942,
        0.7818532593970714,
        0.7816500535609154,
        0.7839869771079304,
        0.78378376215121
    ],
    "val_loss": [
        0.6134521758209954,
        0.5782728841745183,
        0.5548117342299985,
        0.5514202993033839,
        0.5591299661749918,
        0.5782812908700607,
        0.6003918366760675,
        0.6173202116492802,
        0.6506042855344538,
        0.6762494359092
    ]
}