{
    "best_val_acc": 0.7904897147115472,
    "best_val_epoch": 6,
    "best_val_loss": 0.648978756746367,
    "train_acc": [
        0.6856126981978954,
        0.7630691134561006,
        0.7911432414220203,
        0.8137474371928741,
        0.8313476934774306,
        0.8493411296850691,
        0.8639688746530902,
        0.8768236697548281,
        0.8878181423399844,
        0.8975584435462995
    ],
    "train_loss": [
        0.7292115684047025,
        0.5812699785590445,
        0.5193856541151833,
        0.470861191929337,
        0.4276989530538126,
        0.3876524346628324,
        0.35076548954603126,
        0.31903470128938854,
        0.2915723401417414,
        0.2674883328891106
    ],
    "val_acc": [
        0.7592968708299762,
        0.7728103851671263,
        0.7858158675085066,
        0.7845966061109741,
        0.7876447684225623,
        0.7869335268842717,
        0.7904897147115472,
        0.7837837595228402,
        0.7888640348345883,
        0.7797195478029257
    ],
    "val_loss": [
        0.5984491244173467,
        0.5747464605764363,
        0.5588442748989717,
        0.5775950837973486,
        0.5966406078194244,
        0.640771166310759,
        0.648978756746367,
        0.6980759142690789,
        0.7678464248252579,
        0.7645190538635246
    ]
}