{
    "best_val_acc": 0.9987807301238552,
    "best_val_epoch": 17,
    "best_val_loss": 0.0066823709024761,
    "train_acc": [
        0.43598860796572014,
        0.5833163863031682,
        0.7095102425441343,
        0.829506175265131,
        0.9078439163061885,
        0.9540743563650488,
        0.9710424397321669,
        0.9827270548388716,
        0.9861816406080428,
        0.9876041163809051,
        0.9845559514772841,
        0.9875025125059551,
        0.988213747782185,
        0.9861816369743518,
        0.9864864570172525,
        0.9899410409332412,
        0.9910587025134453,
        0.9913635195282702,
        0.9915667301003368,
        0.9904490690894109
    ],
    "train_loss": [
        1.2288830325119477,
        0.8754034163481432,
        0.6608186681152868,
        0.42947546047932783,
        0.2585026318465905,
        0.1464978788964779,
        0.09556368388518693,
        0.06261281746734305,
        0.04857343497249477,
        0.04073264182417876,
        0.0494991925640989,
        0.04504772804937144,
        0.03832003890823068,
        0.04854815409081032,
        0.04368201987747859,
        0.03149095674974057,
        0.03020772531265618,
        0.027702705757548622,
        0.0267675064970281,
        0.03151645722956652
    ],
    "val_acc": [
        0.5915464189352483,
        0.7407030922638355,
        0.8746189616531213,
        0.9424913491666911,
        0.980491737734615,
        0.9917699376079906,
        0.9944116830147517,
        0.9971550367537904,
        0.9984759125034152,
        0.9972566426272703,
        0.9968502203445807,
        0.9980694908263407,
        0.9977646738115158,
        0.9972566438385007,
        0.9977646719946703,
        0.9983743066299352,
        0.9978662784737655,
        0.9987807301238552,
        0.9983743078411655,
        0.99867912364476
    ],
    "val_loss": [
        0.8960275536653255,
        0.6565570568946337,
        0.42464620782165746,
        0.2305282415188902,
        0.10457936027559461,
        0.05272201010592099,
        0.040040112205956484,
        0.023675871694551733,
        0.010761151934813596,
        0.016596013534043094,
        0.02026562381715939,
        0.01085706518687046,
        0.023107510078595253,
        0.01811897299213464,
        0.018687005694282787,
        0.020569682215525714,
        0.018756203145366725,
        0.0066823709024761,
        0.02447525229705492,
        0.009441866858431219
    ]
}