{
    "best_val_acc": 0.7957731976884092,
    "best_val_epoch": 5,
    "best_val_loss": 0.5864067189312155,
    "train_acc": [
        0.6783971212787758,
        0.7688539530043158,
        0.8026109845344591,
        0.828435250320922,
        0.8504351167105084,
        0.8691912488663558,
        0.8846362977899106,
        0.8963188351050293,
        0.9062739290366212,
        0.91392091252155
    ],
    "train_loss": [
        0.7471082013460398,
        0.5697700737335065,
        0.49316030076693174,
        0.4332281826551871,
        0.38094521314791324,
        0.33545501840919273,
        0.29720764265196487,
        0.2686278861390912,
        0.24329499988155753,
        0.22455576946672315
    ],
    "val_acc": [
        0.7586872412213173,
        0.7831741293327906,
        0.7892704540649775,
        0.7937410883098277,
        0.7868319220040005,
        0.7957731976884092,
        0.7912009563951855,
        0.7855110533400731,
        0.7875431645476123,
        0.7872383455342574
    ],
    "val_loss": [
        0.5897663852422854,
        0.5552024767544667,
        0.5253177885359028,
        0.5305112019662716,
        0.5654942566751101,
        0.5864067189312155,
        0.6449233852395002,
        0.6630834398461513,
        0.7331498834423553,
        0.7403372329343894
    ]
}