{
    "best_val_acc": 0.7992277771955194,
    "best_val_epoch": 4,
    "best_val_loss": 0.5669688575092405,
    "train_acc": [
        0.6990973086455216,
        0.7816632398953747,
        0.815658727943074,
        0.842145575751089,
        0.8647661561248491,
        0.8818785788132708,
        0.8954596643028713,
        0.906332178318491,
        0.9153298068325451,
        0.921520568111185,
        0.9266683117105321,
        0.9315011459968408,
        0.9359098569755658,
        0.9378939587501127,
        0.9409957096256308,
        0.94347856700067,
        0.945249695912707,
        0.9469880599651024,
        0.9486208475927604,
        0.9503464696451225,
        0.9511473906147886,
        0.9527128288987642,
        0.9536575522270843,
        0.9546095566128779,
        0.955228450511432,
        0.9567847864436584,
        0.9565481501109967,
        0.9577877584005882,
        0.9581336110078585,
        0.9588926659120786,
        0.9591475048210476,
        0.9601959837440878,
        0.9610223887688284,
        0.9606237487593361,
        0.9608986103248072,
        0.9617887250768442,
        0.9619525500924343,
        0.9623766743320067,
        0.9631157060370229,
        0.9631266278505343,
        0.9634870423329736,
        0.9643261897053717,
        0.9643352909560938,
        0.9647794384251407,
        0.9641186782896068,
        0.9648486087140642,
        0.9648522494813857,
        0.9656750141289598,
        0.9653400835763896,
        0.9658515810972784
    ],
    "train_loss": [
        0.7024883949864924,
        0.5414458499431951,
        0.4647726362064314,
        0.4015739562853787,
        0.34804777943913756,
        0.30335864198576157,
        0.2706197178921127,
        0.24266224963066296,
        0.22242700961483775,
        0.20605503435319913,
        0.19273822059100443,
        0.18231919239497962,
        0.17090789975304946,
        0.16498165838654405,
        0.1581438186017352,
        0.15151029532795013,
        0.14713112647901097,
        0.14214660951990563,
        0.13877406349024887,
        0.13408004524603834,
        0.1321526195522226,
        0.12814311732146014,
        0.12614291876920233,
        0.12320576010052903,
        0.12156627507023886,
        0.11851894118189925,
        0.11848176098721092,
        0.11516596876270754,
        0.11426773934536377,
        0.11183547782982647,
        0.11233350962253315,
        0.10925423638929226,
        0.10695039910373172,
        0.10777290059083094,
        0.10714609115112692,
        0.10487625082305542,
        0.1055090410604981,
        0.1037069629738672,
        0.10207481909497931,
        0.10154315558150954,
        0.10073719814907481,
        0.09847402508263985,
        0.09885308999653374,
        0.09839062619685905,
        0.09894174180535754,
        0.09753215259458595,
        0.0972975883626219,
        0.09548639395235016,
        0.09620247165171678,
        0.09458894896682339
    ],
    "val_acc": [
        0.7665108557131154,
        0.7879495838022261,
        0.7957731991176609,
        0.7981101184253696,
        0.7992277771955194,
        0.7957731960532481,
        0.7925218226366522,
        0.7914041634789086,
        0.787949584795435,
        0.7885592153730782,
        0.7869335291250478,
        0.7888640316006034,
        0.787035130298954,
        0.7892704520664475,
        0.7892704516425169,
        0.7825645027885445,
        0.7851046330922504,
        0.782056471204593,
        0.7842917923059097,
        0.7904897162861466,
        0.7863238960643824,
        0.7871367369960707,
        0.7830725254578407,
        0.7845966070799585,
        0.7844950010247939,
        0.7825644987309228,
        0.7770778114440552,
        0.7822596837751896,
        0.7796179449938584,
        0.7850030247599729,
        0.7849014227382053,
        0.78439339739209,
        0.7842917874609884,
        0.7881527953675016,
        0.7880511896393692,
        0.7854094480479836,
        0.7817516565880042,
        0.7829709196206976,
        0.7764681755975601,
        0.7811420227642637,
        0.7840885799896715,
        0.7850030304285308,
        0.7831741317915882,
        0.7839869752910849,
        0.7844949992442853,
        0.7825644983675537,
        0.7794147350637439,
        0.783682160553373,
        0.784495001666746,
        0.7810404171088051
    ],
    "val_loss": [
        0.5740125583599457,
        0.5384501447112694,
        0.528257795470053,
        0.5535192852629754,
        0.5669688575092405,
        0.5873285076877882,
        0.6242833764808398,
        0.680967391136821,
        0.724013763250701,
        0.7505372581479995,
        0.8348562446243272,
        0.8608076508101882,
        0.9170846662926397,
        0.9606331429377825,
        0.9357014647273363,
        1.048729263423202,
        0.9231826296377851,
        1.0124611260686989,
        0.9819931806865879,
        1.1091281823258263,
        1.0364554890697746,
        1.1648831867851928,
        0.9821680455982044,
        1.16007107871743,
        1.3720003697136218,
        1.1023002675674087,
        1.1887692148984388,
        1.2674370023008044,
        1.234559017440406,
        1.2162215244694954,
        1.3050864431049445,
        1.28379671352226,
        1.2935108403514202,
        1.2384187089091174,
        1.1486577972530518,
        1.2979309769259118,
        1.536232936372604,
        1.5722681027654466,
        1.2574256943314328,
        1.3205108338317064,
        1.2343538380376549,
        1.4196837735331125,
        1.4391103918487962,
        1.373497207168156,
        1.5179331814387638,
        1.5558937816836926,
        1.4059464809638265,
        1.08728318831175,
        1.6409503252034845,
        1.38219462737541
    ]
}