{
    "best_val_acc": 0.7984149364697403,
    "best_val_epoch": 2,
    "best_val_loss": 0.5374620060893099,
    "train_acc": [
        0.698764197320577,
        0.7826862352472368,
        0.8166598797576403,
        0.8435126036069168,
        0.8644184829981882,
        0.8819695927174994
    ],
    "train_loss": [
        0.7014910648490177,
        0.5384881616827426,
        0.46186758480504586,
        0.3983550150341337,
        0.34647998343438136,
        0.3031994493893229
    ],
    "val_acc": [
        0.7699654356441563,
        0.7904897160681252,
        0.7984149364697403,
        0.797195674284908,
        0.7970940674182192,
        0.7922170078989403
    ],
    "val_loss": [
        0.5668165217907151,
        0.5343387561330367,
        0.5374620060893099,
        0.5534978042625601,
        0.5729537455925634,
        0.6189961232588655
    ]
}