{
    "best_val_acc": 0.7892704534593623,
    "best_val_epoch": 3,
    "best_val_loss": 0.5562294001103029,
    "train_acc": [
        0.6869651635888735,
        0.7634968787014709,
        0.7903459593845583,
        0.8122202252521742,
        0.8304630387612442,
        0.8472059451468954,
        0.8623906945630739,
        0.8746247753912766,
        0.8856756761265555,
        0.894325631963994
    ],
    "train_loss": [
        0.7250701122695252,
        0.5801569094123303,
        0.5211320049215029,
        0.4732097906534684,
        0.43039396819738057,
        0.39168697719033296,
        0.355796915221631,
        0.32455080151115256,
        0.2975147661834,
        0.2754937837468596
    ],
    "val_acc": [
        0.7517780757027898,
        0.776874601126347,
        0.7827677072681225,
        0.7892704534593623,
        0.7869335282771865,
        0.7823612916108628,
        0.7820564733848075,
        0.7780938649100032,
        0.7810404193132443,
        0.7776874412343987
    ],
    "val_loss": [
        0.6061454556429684,
        0.5826004567281474,
        0.5602835152866733,
        0.5562294001103029,
        0.5684172263283043,
        0.6016479977697068,
        0.6116450955423972,
        0.6578213322746441,
        0.7086797517335796,
        0.7454333847021093
    ]
}