{
    "best_val_acc": 0.7866287146780312,
    "best_val_epoch": 5,
    "best_val_loss": 0.5808584446636696,
    "train_acc": [
        0.6881228597152562,
        0.7628288370046036,
        0.7894194389803867,
        0.8092295104179034,
        0.8290577853010049,
        0.8452709909914248,
        0.8605922616036502,
        0.8727862961261016,
        0.8842686024674257,
        0.8936994565370895
    ],
    "train_loss": [
        0.7221928612504005,
        0.582669182050897,
        0.5245483487114663,
        0.4792473656909401,
        0.4342321116308518,
        0.39610192412199685,
        0.35925600047346445,
        0.3288642803859422,
        0.30135771720125876,
        0.2776726818568049
    ],
    "val_acc": [
        0.7553342635300653,
        0.7713879073593971,
        0.778195470214205,
        0.7836821588818752,
        0.7853078455901732,
        0.7866287146780312,
        0.7795163364556718,
        0.7828693145345174,
        0.775452120896157,
        0.7803291820142599
    ],
    "val_loss": [
        0.6028951476124627,
        0.5699650760322924,
        0.5655150035003704,
        0.5552077967869607,
        0.5612853660110632,
        0.5808584446636696,
        0.6251169912058318,
        0.6328573073102458,
        0.6449164664253572,
        0.6917799210020305
    ]
}