{
    "best_val_acc": 0.7917089797064338,
    "best_val_epoch": 6,
    "best_val_loss": 0.6284952802862537,
    "train_acc": [
        0.6855690112710764,
        0.761529159568531,
        0.7896706367856936,
        0.811333749868065,
        0.8307561035984881,
        0.8472114064736429,
        0.8620557639447545,
        0.8750980475299558,
        0.8860433721131502,
        0.8952139267906614
    ],
    "train_loss": [
        0.7284229403469833,
        0.5844277034725389,
        0.5233758148050963,
        0.4750592772987097,
        0.4300300140125844,
        0.3900911206250764,
        0.35557893600603996,
        0.32305996591001995,
        0.2964170132132579,
        0.2732817344267348
    ],
    "val_acc": [
        0.7577727913759608,
        0.7789067068712374,
        0.7814468442000793,
        0.7910993494921597,
        0.7915057707816405,
        0.79079453308295,
        0.7917089797064338,
        0.786628715707577,
        0.7872383446863962,
        0.7844949986386701
    ],
    "val_loss": [
        0.6008629584138022,
        0.5633858705991363,
        0.5677999130377704,
        0.5789714516892808,
        0.5922662886122673,
        0.6426807756202053,
        0.6284952802862537,
        0.6776735621045165,
        0.698176874338769,
        0.7270135693350499
    ]
}