{
    "best_val_acc": 0.7930298506111373,
    "best_val_epoch": 6,
    "best_val_loss": 0.6714581706082523,
    "train_acc": [
        0.6786282968292363,
        0.7644470626793004,
        0.7960397851099176,
        0.8193375074894051,
        0.8401450912736345,
        0.8579674220582146,
        0.8734943835762536
    ],
    "train_loss": [
        0.74659135199548,
        0.5778100393355715,
        0.508779933835353,
        0.45492862168882814,
        0.40721523428641926,
        0.36401493561575615,
        0.3260208411349727
    ],
    "val_acc": [
        0.7588904511393194,
        0.7767729950711825,
        0.7877463720552661,
        0.7921154062647665,
        0.7918105855799138,
        0.7929282443500636,
        0.7930298506111373
    ],
    "val_loss": [
        0.6000573180163205,
        0.5679614221243033,
        0.5514630541959397,
        0.5472309545418326,
        0.5784262039995223,
        0.5838865675327376,
        0.6714581706082523
    ]
}