{
    "best_val_acc": 0.7910993508850745,
    "best_val_epoch": 2,
    "best_val_loss": 0.5621634242472138,
    "train_acc": [
        0.6787684575857932,
        0.7646163487063458,
        0.7964420663822371,
        0.8191554787793383,
        0.8405510130449626,
        0.8585844958206981,
        0.8736600286413339
    ],
    "train_loss": [
        0.7470472927165478,
        0.5780694106734439,
        0.5085901771231377,
        0.4551931884697335,
        0.406930913747097,
        0.36381392523534034,
        0.32611202421670765
    ],
    "val_acc": [
        0.7559438971721213,
        0.7801259690560696,
        0.7910993508850745,
        0.7888640318186247,
        0.7908961385688363,
        0.7907945335068807,
        0.789473667628783
    ],
    "val_loss": [
        0.6024855451900236,
        0.5594110344815754,
        0.5621634242472138,
        0.5736714061731925,
        0.6132587124675881,
        0.6637461236993173,
        0.6435361504191379
    ]
}