{
    "best_val_acc": 0.7884576094995982,
    "best_val_epoch": 5,
    "best_val_loss": 0.615420180931006,
    "train_acc": [
        0.6824963845312771,
        0.7621698968520512,
        0.7900765587823698,
        0.8128718839823778,
        0.8320776242759854,
        0.8490626274469943,
        0.8643038057646368,
        0.877136757498334,
        0.8889394326528977,
        0.8977404713886078
    ],
    "train_loss": [
        0.7353639936910946,
        0.5833132454816279,
        0.5220978460814977,
        0.47186079303077166,
        0.4270980775875017,
        0.3866145673472283,
        0.349792349157819,
        0.31804440544685025,
        0.28976548638503685,
        0.2668644638814781
    ],
    "val_acc": [
        0.7582808213247514,
        0.7743344686060896,
        0.7840885812009017,
        0.7865271074116363,
        0.7876447647888712,
        0.7884576094995982,
        0.7846982121661387,
        0.783478948164461,
        0.7820564734211445,
        0.7804307867128465
    ],
    "val_loss": [
        0.5946100471744545,
        0.577105003531157,
        0.5698716243855039,
        0.5828747795355366,
        0.5671189497142661,
        0.615420180931006,
        0.670670350267499,
        0.7225876483726347,
        0.7038780143168418,
        0.8029278795473509
    ]
}