{
    "best_val_acc": 0.7910993483172662,
    "best_val_epoch": 4,
    "best_val_loss": 0.5754192500392055,
    "train_acc": [
        0.6793345636243767,
        0.766227293682043,
        0.7987774810822141,
        0.8237862637492364,
        0.8440714283852461,
        0.8626600955205899,
        0.8777811358337634
    ],
    "train_loss": [
        0.744508239883062,
        0.5735272915615585,
        0.502414125095904,
        0.4447668262504375,
        0.39701567110308533,
        0.3526815207442784,
        0.3148591083279958
    ],
    "val_acc": [
        0.7565535257512345,
        0.7814468387858796,
        0.7870351345382602,
        0.7842917905254011,
        0.7910993483172662,
        0.7888640281485969,
        0.7906929268218763
    ],
    "val_loss": [
        0.5915240070679837,
        0.5529334404753902,
        0.5436455092459669,
        0.563099712187913,
        0.5754192500392055,
        0.6138613561357189,
        0.6130201490556193
    ]
}