{
    "best_val_acc": 0.7981101222770821,
    "best_val_epoch": 3,
    "best_val_loss": 0.5327477449809747,
    "train_acc": [
        0.680359379614108,
        0.7690541830755242,
        0.8036831266582533,
        0.8288375314983067,
        0.8508028126109566,
        0.8690783920274233,
        0.8841138788275463
    ],
    "train_loss": [
        0.7435756109369055,
        0.5680992812790085,
        0.492739521736562,
        0.43287929255630325,
        0.38047812087841687,
        0.3353942786241756,
        0.2979380056178555
    ],
    "val_acc": [
        0.7629546660689943,
        0.7859174717831626,
        0.7926234286918167,
        0.7981101222770821,
        0.7979069103121007,
        0.7980085131575049,
        0.7951635628472351
    ],
    "val_loss": [
        0.5862969489897977,
        0.542972691125488,
        0.5264231911448778,
        0.5327477449809747,
        0.5516768737649366,
        0.5637607332822439,
        0.5999634318467054
    ]
}