{
    "best_val_acc": 0.7934362737174636,
    "best_val_epoch": 4,
    "best_val_loss": 0.5539002694860268,
    "train_acc": [
        0.6898903488739841,
        0.7654536762950712,
        0.7924465593458179,
        0.812302137499902,
        0.8308343755120141,
        0.8470985489920829,
        0.8616097963823847,
        0.8746757430957555,
        0.8859450777680362,
        0.895279456855399
    ],
    "train_loss": [
        0.7202523822641572,
        0.5780627474877733,
        0.5191073529436049,
        0.4740882519177928,
        0.43092074881124587,
        0.3923770467100945,
        0.3558967618238966,
        0.3255404520131721,
        0.2972318226927573,
        0.2747529829202527
    ],
    "val_acc": [
        0.7612273715250232,
        0.7804307846779795,
        0.7893720575159968,
        0.7880511912745302,
        0.7934362737174636,
        0.7913025600642263,
        0.7902865094083326,
        0.7883560038683642,
        0.7875431631183605,
        0.7838853678430054
    ],
    "val_loss": [
        0.5908884655239862,
        0.5531253360364767,
        0.5400423986038234,
        0.5572140866046852,
        0.5539002694860268,
        0.5787532893205363,
        0.5857144332203383,
        0.6179877512703531,
        0.6909545780415216,
        0.6860754354483131
    ]
}