{
    "best_val_acc": 0.99878072951824,
    "best_val_epoch": 12,
    "best_val_loss": 0.012205265096592774,
    "train_acc": [
        0.4399512184087737,
        0.5904287638956879,
        0.7201788119852143,
        0.8313350749679562,
        0.9109936808212287,
        0.9499085361796215,
        0.9710424409433972,
        0.9798821030630133,
        0.981202978848975,
        0.9870960878008048,
        0.9870960861656438,
        0.9901442496521253,
        0.9914651230156264,
        0.9916683347262495,
        0.9881121443311656,
        0.9857752182890162,
        0.9858768209527358,
        0.9852671913804137,
        0.9867912733901252,
        0.9903474668859588
    ],
    "train_loss": [
        1.2245169886726839,
        0.8695003759737447,
        0.6522328008047281,
        0.4295730140605997,
        0.25202082833352796,
        0.1499368085597279,
        0.0935025992289449,
        0.0698054168676911,
        0.060495795897066024,
        0.0488894448760012,
        0.04208366319331253,
        0.031207672832524253,
        0.029302608639265287,
        0.027950237197977477,
        0.04045158539541192,
        0.048510359691407136,
        0.043741479613117036,
        0.04864272941566294,
        0.039470447455221526,
        0.031097428409412604
    ],
    "val_acc": [
        0.5920544470308564,
        0.7493395475177498,
        0.8778703362446106,
        0.9505181677504735,
        0.9823206349786426,
        0.9920747582201696,
        0.9953261364816869,
        0.9961389792302207,
        0.9968502203445807,
        0.9982727013620704,
        0.9975614608533255,
        0.9982727007564551,
        0.99878072951824,
        0.9983743072718873,
        0.9972566444441159,
        0.9972566438385007,
        0.9973582491063655,
        0.9978662803269479,
        0.9978662778681503,
        0.9986791242503752
    ],
    "val_loss": [
        0.897864224912674,
        0.6561471291538953,
        0.41997129903578995,
        0.22553857324618048,
        0.1008979630446657,
        0.06700684545643808,
        0.04904203370343716,
        0.027709796350222974,
        0.025787671647354238,
        0.03226797208905347,
        0.03258420727553527,
        0.02630485388846056,
        0.012205265096592774,
        0.021235988259040505,
        0.021604253012894013,
        0.012165401367625055,
        0.014139379265553888,
        0.01884808768096231,
        0.021764074539183945,
        0.010537866844995403
    ]
}