{
    "best_val_acc": 0.9989839418708152,
    "best_val_epoch": 11,
    "best_val_loss": 0.008385438026763458,
    "train_acc": [
        0.43720787245188997,
        0.5864661526956153,
        0.7125584064182094,
        0.833367177297177,
        0.9130257894246226,
        0.9582401741643525,
        0.974497025501338,
        0.977037157839911,
        0.9829302700015011,
        0.9883153554725105,
        0.9876041179555045,
        0.9892298045184549,
        0.9881121449004439,
        0.9862832452339555,
        0.9874009056392663,
        0.9885185683943638,
        0.9912619130855119,
        0.9914651229792895,
        0.9939036554641971,
        0.9924811786860137
    ],
    "train_loss": [
        1.2255454230686436,
        0.8611655469905843,
        0.6417047510275969,
        0.42280905352353904,
        0.2443671933890261,
        0.13430610839016335,
        0.0887694739363974,
        0.0806399118113605,
        0.063673717016534,
        0.0450755685853252,
        0.046759507565285414,
        0.036594917879149765,
        0.03948463218578464,
        0.04888526149564592,
        0.04031159379155207,
        0.044963938664411035,
        0.030454937243628608,
        0.02590857458878494,
        0.02218132966192917,
        0.023946589955030885
    ],
    "val_acc": [
        0.5727494313231912,
        0.7492379414262483,
        0.8844746837429922,
        0.9536679312359678,
        0.9819142138708464,
        0.9943100795637323,
        0.9950213182556317,
        0.9956309534965117,
        0.9976630673324207,
        0.9981710960942055,
        0.9983743072355503,
        0.9989839418708152,
        0.99817109427736,
        0.9963421946108717,
        0.9980694896151103,
        0.9974598543742303,
        0.9983743066299352,
        0.9988823366029503,
        0.9981710948829752,
        0.9982727013620704
    ],
    "val_loss": [
        0.8963911741202838,
        0.6451338521350426,
        0.411538425602096,
        0.2167562844942944,
        0.09665818051642287,
        0.04247573991032653,
        0.03731078863464897,
        0.03149383835471051,
        0.018431882800852693,
        0.017932951341526424,
        0.015892186074929676,
        0.008385438026763458,
        0.015159200859445155,
        0.023561456629584775,
        0.012559033660093212,
        0.027817120117494362,
        0.009436079283676456,
        0.011888873080373907,
        0.013496379458441378,
        0.016474003044561227
    ]
}