{
    "best_val_acc": 0.7960780128863885,
    "best_val_epoch": 3,
    "best_val_loss": 0.5393422778193918,
    "train_acc": [
        0.6787411537040813,
        0.7672521092357251,
        0.799443702758343,
        0.8242322316915625,
        0.8458589408462499,
        0.8636303034435399,
        0.8789351913148836,
        0.8910036262938985,
        0.9019544122971477,
        0.9098380317291401
    ],
    "train_loss": [
        0.7441143455437921,
        0.5725275115772397,
        0.5002710460389632,
        0.4439506555967188,
        0.3934492021818346,
        0.35012335326831584,
        0.31301886302343856,
        0.28275168563761777,
        0.2559127037973447,
        0.23558045294447894
    ],
    "val_acc": [
        0.7579759986777055,
        0.7802275747842019,
        0.7921154046296056,
        0.7960780128863885,
        0.7929282479837546,
        0.7945539314459553,
        0.7892704553125448,
        0.7893720585455426,
        0.7927250368302975,
        0.7846982115847482
    ],
    "val_loss": [
        0.5892026133228186,
        0.5504831048233968,
        0.5297422563973977,
        0.5393422778193918,
        0.5548474346021646,
        0.5795233441402069,
        0.6135044837235387,
        0.6680939145336255,
        0.685432992677237,
        0.7147097980750816
    ]
}