{
    "best_val_acc": 0.7958748001098827,
    "best_val_epoch": 4,
    "best_val_loss": 0.5568414512167034,
    "train_acc": [
        0.6809036420025588,
        0.7685954734473719,
        0.8005304078483513,
        0.8260834530724286,
        0.8468255073099932,
        0.8644130226802454,
        0.8792318962675993
    ],
    "train_loss": [
        0.7414197544085891,
        0.5696801999617899,
        0.4976768403246174,
        0.4399061056885745,
        0.3905709730402872,
        0.347946121391841,
        0.3107519408967556
    ],
    "val_acc": [
        0.7608209528760246,
        0.782361292458724,
        0.7854094484719143,
        0.7920137961519804,
        0.7958748001098827,
        0.7924202192219697,
        0.7900832956386179
    ],
    "val_loss": [
        0.5894411516320388,
        0.5469636386474248,
        0.5575042392356782,
        0.571818612898978,
        0.5568414512167034,
        0.5953870747443549,
        0.633491642275033
    ]
}