{
    "best_val_acc": 0.7947571458333974,
    "best_val_epoch": 3,
    "best_val_loss": 0.5369563394992047,
    "train_acc": [
        0.679238089110891,
        0.7689122013825145,
        0.8037158918940538,
        0.8295802045671608,
        0.8523937345111364,
        0.8711462267368247,
        0.886549409436094,
        0.8981809781441477,
        0.9082216257352609,
        0.915557341399124
    ],
    "train_loss": [
        0.7447469439229595,
        0.568228129348875,
        0.49138689726963203,
        0.430497311285172,
        0.37641551066927276,
        0.33031715130177425,
        0.29244703812659045,
        0.26348540243826646,
        0.2397637053535567,
        0.22075191348160808
    ],
    "val_acc": [
        0.7614305834173308,
        0.7857142636335567,
        0.7886608216704888,
        0.7947571458333974,
        0.7920138017720891,
        0.7861206857345618,
        0.7920137987197887,
        0.787238345679605,
        0.7840885769252587,
        0.7866287134668009
    ],
    "val_loss": [
        0.594231039933668,
        0.5398848528385743,
        0.5329557226528314,
        0.5369563394992047,
        0.5511621692344877,
        0.6008784949864296,
        0.6236229443714837,
        0.668516988247736,
        0.7356894029468279,
        0.7721661195549581
    ]
}