{
    "best_val_acc": 0.7946555350786592,
    "best_val_epoch": 4,
    "best_val_loss": 0.5613754442784147,
    "train_acc": [
        0.6805650707358305,
        0.7659469707810362,
        0.7964366054049583,
        0.8203259172343915,
        0.8400304141273146,
        0.8580238510487547,
        0.8722256508125413,
        0.8846981876619265,
        0.8955488582581864,
        0.9042352190271227
    ],
    "train_loss": [
        0.7413222686453607,
        0.5754785372668739,
        0.5072299134281095,
        0.45411614129168804,
        0.4069475288907815,
        0.3653642275852033,
        0.33012565931427035,
        0.29928945000071233,
        0.2726712650542847,
        0.25139747409292157
    ],
    "val_acc": [
        0.7591952655621114,
        0.7812436282501499,
        0.7883560074414937,
        0.7915057732041011,
        0.7946555350786592,
        0.7912009547963614,
        0.7914041681421454,
        0.7883560056609852,
        0.7880511886461603,
        0.7918105883657436
    ],
    "val_loss": [
        0.5921040347038645,
        0.5551970415157992,
        0.5535124851615175,
        0.5781964371175791,
        0.5613754442784147,
        0.6024798000520188,
        0.6274524455728436,
        0.6422430235810019,
        0.6530157879306834,
        0.717030961849999
    ]
}